name;start;ende;dauer;datum;wochentag;schicht_id;Mitarbeiter_ID
Vormittag;09:00;11:15;2.25;2026-04-06;Monday;2026-04-06_Vormittag;4
Mittag;12:15;14:00;1.75;2026-04-06;Monday;2026-04-06_Mittag;5
Nachmittag;14:00;15:30;1.5;2026-04-06;Monday;2026-04-06_Nachmittag;3
Abend;15:30;17:30;2.0;2026-04-06;Monday;2026-04-06_Abend;1
Vormittag;09:00;11:15;2.25;2026-04-07;Tuesday;2026-04-07_Vormittag;5
Mittag;12:15;14:00;1.75;2026-04-07;Tuesday;2026-04-07_Mittag;4
Nachmittag;14:00;15:30;1.5;2026-04-07;Tuesday;2026-04-07_Nachmittag;4
Abend;15:30;17:30;2.0;2026-04-07;Tuesday;2026-04-07_Abend;2
Vormittag;09:00;11:15;2.25;2026-04-08;Wednesday;2026-04-08_Vormittag;5
Mittag;12:15;14:00;1.75;2026-04-08;Wednesday;2026-04-08_Mittag;5
Nachmittag;14:00;15:30;1.5;2026-04-08;Wednesday;2026-04-08_Nachmittag;5
Abend;15:30;17:30;2.0;2026-04-08;Wednesday;2026-04-08_Abend;5
Vormittag;09:00;11:15;2.25;2026-04-09;Thursday;2026-04-09_Vormittag;4
Mittag;12:15;14:00;1.75;2026-04-09;Thursday;2026-04-09_Mittag;5
Nachmittag;14:00;15:30;1.5;2026-04-09;Thursday;2026-04-09_Nachmittag;2
Abend;15:30;17:30;2.0;2026-04-09;Thursday;2026-04-09_Abend;5
Vormittag;09:00;11:15;2.25;2026-04-10;Friday;2026-04-10_Vormittag;2
Mittag;12:15;14:00;1.75;2026-04-10;Friday;2026-04-10_Mittag;5
Nachmittag;14:00;15:00;1.0;2026-04-10;Friday;2026-04-10_Nachmittag;1
