name;start;ende;dauer;datum;wochentag;schicht_id
Vormittag;09:00;11:15;2.25;2026-04-06;Monday;2026-04-06_Vormittag
Mittag;12:15;14:00;1.75;2026-04-06;Monday;2026-04-06_Mittag
Nachmittag;14:00;15:30;1.5;2026-04-06;Monday;2026-04-06_Nachmittag
Abend;15:30;17:30;2.0;2026-04-06;Monday;2026-04-06_Abend
Vormittag;09:00;11:15;2.25;2026-04-07;Tuesday;2026-04-07_Vormittag
Mittag;12:15;14:00;1.75;2026-04-07;Tuesday;2026-04-07_Mittag
Nachmittag;14:00;15:30;1.5;2026-04-07;Tuesday;2026-04-07_Nachmittag
Abend;15:30;17:30;2.0;2026-04-07;Tuesday;2026-04-07_Abend
Vormittag;09:00;11:15;2.25;2026-04-08;Wednesday;2026-04-08_Vormittag
Mittag;12:15;14:00;1.75;2026-04-08;Wednesday;2026-04-08_Mittag
Nachmittag;14:00;15:30;1.5;2026-04-08;Wednesday;2026-04-08_Nachmittag
Abend;15:30;17:30;2.0;2026-04-08;Wednesday;2026-04-08_Abend
Vormittag;09:00;11:15;2.25;2026-04-09;Thursday;2026-04-09_Vormittag
Mittag;12:15;14:00;1.75;2026-04-09;Thursday;2026-04-09_Mittag
Nachmittag;14:00;15:30;1.5;2026-04-09;Thursday;2026-04-09_Nachmittag
Abend;15:30;17:30;2.0;2026-04-09;Thursday;2026-04-09_Abend
Vormittag;09:00;11:15;2.25;2026-04-10;Friday;2026-04-10_Vormittag
Mittag;12:15;14:00;1.75;2026-04-10;Friday;2026-04-10_Mittag
Nachmittag;14:00;15:00;1.0;2026-04-10;Friday;2026-04-10_Nachmittag
