name;start;end;duration;date;weekday;shift_id;Employee_ID
Morning;09:00;11:15;2.25;01.10.2026;Thursday;01.10.2026_Morning;4
Midday;12:15;14:00;1.75;01.10.2026;Thursday;01.10.2026_Midday;2
Afternoon;14:00;15:30;1.5;01.10.2026;Thursday;01.10.2026_Afternoon;1
Evening;15:30;17:30;2.0;01.10.2026;Thursday;01.10.2026_Evening;3
Morning;09:00;11:15;2.25;02.10.2026;Friday;02.10.2026_Morning;4
Midday;12:15;14:00;1.75;02.10.2026;Friday;02.10.2026_Midday;2
Afternoon;14:00;15:00;1.0;02.10.2026;Friday;02.10.2026_Afternoon;1
Morning;09:00;11:15;2.25;05.10.2026;Monday;05.10.2026_Morning;4
Midday;12:15;14:00;1.75;05.10.2026;Monday;05.10.2026_Midday;2
Afternoon;14:00;15:30;1.5;05.10.2026;Monday;05.10.2026_Afternoon;1
Evening;15:30;17:30;2.0;05.10.2026;Monday;05.10.2026_Evening;3
Morning;09:00;11:15;2.25;06.10.2026;Tuesday;06.10.2026_Morning;4
Midday;12:15;14:00;1.75;06.10.2026;Tuesday;06.10.2026_Midday;2
Afternoon;14:00;15:30;1.5;06.10.2026;Tuesday;06.10.2026_Afternoon;1
Evening;15:30;17:30;2.0;06.10.2026;Tuesday;06.10.2026_Evening;3
Morning;09:00;11:15;2.25;07.10.2026;Wednesday;07.10.2026_Morning;4
Midday;12:15;14:00;1.75;07.10.2026;Wednesday;07.10.2026_Midday;2
Afternoon;14:00;15:30;1.5;07.10.2026;Wednesday;07.10.2026_Afternoon;1
Evening;15:30;17:30;2.0;07.10.2026;Wednesday;07.10.2026_Evening;3
Morning;09:00;11:15;2.25;08.10.2026;Thursday;08.10.2026_Morning;4
Midday;12:15;14:00;1.75;08.10.2026;Thursday;08.10.2026_Midday;2
Afternoon;14:00;15:30;1.5;08.10.2026;Thursday;08.10.2026_Afternoon;1
Evening;15:30;17:30;2.0;08.10.2026;Thursday;08.10.2026_Evening;3
Morning;09:00;11:15;2.25;09.10.2026;Friday;09.10.2026_Morning;4
Midday;12:15;14:00;1.75;09.10.2026;Friday;09.10.2026_Midday;2
Afternoon;14:00;15:00;1.0;09.10.2026;Friday;09.10.2026_Afternoon;1
Morning;09:00;11:15;2.25;12.10.2026;Monday;12.10.2026_Morning;4
Midday;12:15;14:00;1.75;12.10.2026;Monday;12.10.2026_Midday;2
Afternoon;14:00;15:30;1.5;12.10.2026;Monday;12.10.2026_Afternoon;1
Evening;15:30;17:30;2.0;12.10.2026;Monday;12.10.2026_Evening;3
Morning;09:00;11:15;2.25;13.10.2026;Tuesday;13.10.2026_Morning;4
Midday;12:15;14:00;1.75;13.10.2026;Tuesday;13.10.2026_Midday;2
Afternoon;14:00;15:30;1.5;13.10.2026;Tuesday;13.10.2026_Afternoon;1
Evening;15:30;17:30;2.0;13.10.2026;Tuesday;13.10.2026_Evening;3
Morning;09:00;11:15;2.25;14.10.2026;Wednesday;14.10.2026_Morning;4
Midday;12:15;14:00;1.75;14.10.2026;Wednesday;14.10.2026_Midday;2
Afternoon;14:00;15:30;1.5;14.10.2026;Wednesday;14.10.2026_Afternoon;1
Evening;15:30;17:30;2.0;14.10.2026;Wednesday;14.10.2026_Evening;3
Morning;09:00;11:15;2.25;15.10.2026;Thursday;15.10.2026_Morning;4
Midday;12:15;14:00;1.75;15.10.2026;Thursday;15.10.2026_Midday;2
Afternoon;14:00;15:30;1.5;15.10.2026;Thursday;15.10.2026_Afternoon;1
Evening;15:30;17:30;2.0;15.10.2026;Thursday;15.10.2026_Evening;3
Morning;09:00;11:15;2.25;16.10.2026;Friday;16.10.2026_Morning;4
Midday;12:15;14:00;1.75;16.10.2026;Friday;16.10.2026_Midday;2
Afternoon;14:00;15:00;1.0;16.10.2026;Friday;16.10.2026_Afternoon;1
Morning;09:00;11:15;2.25;19.10.2026;Monday;19.10.2026_Morning;3
Midday;12:15;14:00;1.75;19.10.2026;Monday;19.10.2026_Midday;2
Afternoon;14:00;15:30;1.5;19.10.2026;Monday;19.10.2026_Afternoon;1
Evening;15:30;17:30;2.0;19.10.2026;Monday;19.10.2026_Evening;3
Morning;09:00;11:15;2.25;20.10.2026;Tuesday;20.10.2026_Morning;3
Midday;12:15;14:00;1.75;20.10.2026;Tuesday;20.10.2026_Midday;2
Afternoon;14:00;15:30;1.5;20.10.2026;Tuesday;20.10.2026_Afternoon;1
Evening;15:30;17:30;2.0;20.10.2026;Tuesday;20.10.2026_Evening;3
Morning;09:00;11:15;2.25;21.10.2026;Wednesday;21.10.2026_Morning;4
Midday;12:15;14:00;1.75;21.10.2026;Wednesday;21.10.2026_Midday;2
Afternoon;14:00;15:30;1.5;21.10.2026;Wednesday;21.10.2026_Afternoon;1
Evening;15:30;17:30;2.0;21.10.2026;Wednesday;21.10.2026_Evening;3
Morning;09:00;11:15;2.25;22.10.2026;Thursday;22.10.2026_Morning;3
Midday;12:15;14:00;1.75;22.10.2026;Thursday;22.10.2026_Midday;2
Afternoon;14:00;15:30;1.5;22.10.2026;Thursday;22.10.2026_Afternoon;1
Evening;15:30;17:30;2.0;22.10.2026;Thursday;22.10.2026_Evening;3
Morning;09:00;11:15;2.25;23.10.2026;Friday;23.10.2026_Morning;4
Midday;12:15;14:00;1.75;23.10.2026;Friday;23.10.2026_Midday;4
Afternoon;14:00;15:00;1.0;23.10.2026;Friday;23.10.2026_Afternoon;1
Morning;09:00;11:15;2.25;26.10.2026;Monday;26.10.2026_Morning;4
Midday;12:15;14:00;1.75;26.10.2026;Monday;26.10.2026_Midday;2
Afternoon;14:00;15:30;1.5;26.10.2026;Monday;26.10.2026_Afternoon;1
Evening;15:30;17:30;2.0;26.10.2026;Monday;26.10.2026_Evening;2
Morning;09:00;11:15;2.25;27.10.2026;Tuesday;27.10.2026_Morning;3
Midday;12:15;14:00;1.75;27.10.2026;Tuesday;27.10.2026_Midday;1
Afternoon;14:00;15:30;1.5;27.10.2026;Tuesday;27.10.2026_Afternoon;1
Evening;15:30;17:30;2.0;27.10.2026;Tuesday;27.10.2026_Evening;2
Morning;09:00;11:15;2.25;28.10.2026;Wednesday;28.10.2026_Morning;3
Midday;12:15;14:00;1.75;28.10.2026;Wednesday;28.10.2026_Midday;1
Afternoon;14:00;15:30;1.5;28.10.2026;Wednesday;28.10.2026_Afternoon;1
Evening;15:30;17:30;2.0;28.10.2026;Wednesday;28.10.2026_Evening;2
Morning;09:00;11:15;2.25;29.10.2026;Thursday;29.10.2026_Morning;4
Midday;12:15;14:00;1.75;29.10.2026;Thursday;29.10.2026_Midday;1
Afternoon;14:00;15:30;1.5;29.10.2026;Thursday;29.10.2026_Afternoon;1
Evening;15:30;17:30;2.0;29.10.2026;Thursday;29.10.2026_Evening;2
Morning;09:00;11:15;2.25;30.10.2026;Friday;30.10.2026_Morning;5
Midday;12:15;14:00;1.75;30.10.2026;Friday;30.10.2026_Midday;1
Afternoon;14:00;15:00;1.0;30.10.2026;Friday;30.10.2026_Afternoon;1
